<?xml version="1.0" encoding="UTF-8" ?>
<!DOCTYPE mapper PUBLIC "-//mybatis.org//DTD Mapper 3.0//EN"
  "http://mybatis.org/dtd/mybatis-3-mapper.dtd">

<mapper namespace="member.MemberDAO" >

<select id="memberone" resultType="memberVO" parameterType="String"> 
select * from member where id=#{id}
</select>

<select id="idCheck" parameterType="String" resultType="Integer">
select count(*) from member where id = #{id}
</select>

<select id="pwCheck" parameterType="memberVO" resultType="Integer">
select count(*) from member where id=#{id} and pw=#{pw}
</select>

<select id="memberlogin" resultType="String" parameterType="memberVO"> 
select nickname from member where id=#{id} and pw=#{pw}
</select>

<select id="viewmember" resultType="memberVO"> 
select id, name, email, phone_number, nickname from member where id=#{id} and pw=#{pw}
</select>

<insert id="insertmember" parameterType="memberVO" >
insert into member(id, pw, name, email, phone_number, nickname) 
values( #{id}, #{pw}, #{name},#{email},#{phone_number},#{nickname})
</insert>

<select id="memberlist" resultType="memberVO">
select * from member
</select>

<update id="updatemember" parameterType="memberVO">
update member
set pw = #{pw} , email=#{email}, phone_number=#{phone_number}, nickname=#{nickname}
where id=#{id}

</update>

<delete id="deletemember" parameterType="String">
delete member where id=#{id}
</delete>

</mapper>











